symbol,name,trade,pricechange,changepercent,buy,sell,settlement,open,high,low,volume,amount,code,ticktime
sh600004,白云机场,8.900,-0.120,-1.330,8.900,8.910,9.020,9.010,9.020,8.890,5923480,52918424,600004,15:00:01
sh600007,中国国贸,21.080,-0.160,-0.753,21.070,21.080,21.240,21.050,21.290,21.000,3132781,66191273,600007,15:00:01
sh600008,首创环保,3.080,-0.020,-0.645,3.070,3.080,3.100,3.100,3.100,3.060,77255603,237738215,600008,15:00:00
sh600021,上海电力,17.350,-0.410,-2.309,17.350,17.360,17.760,17.760,17.790,17.080,35201284,610228581,600021,15:00:03
sh600032,浙江新能,8.940,-0.430,-4.589,8.930,8.940,9.370,9.410,9.450,8.910,61223739,554651052,600032,15:00:01
sh600038,中直股份,33.440,-0.170,-0.506,33.430,33.440,33.610,33.650,33.680,33.330,3922300,131302209,600038,15:00:00
sh600060,海信视像,22.380,-0.490,-2.143,22.370,22.380,22.870,22.880,23.000,22.290,6997324,157517467,600060,15:00:03
sh600062,华润双鹤,18.570,-0.320,-1.694,18.560,18.570,18.890,18.730,18.840,18.550,10386998,193813449,600062,15:00:01
sh600095,湘财股份,9.080,-0.150,-1.625,9.080,9.090,9.230,9.230,9.280,9.070,13658800,124826093,600095,15:00:00
sh600096,云天化,31.440,-1.230,-3.765,31.430,31.440,32.670,32.720,32.790,31.160,59701955,1882372176,600096,15:00:00
sh600098,广州发展,6.890,-0.270,-3.771,6.880,6.890,7.160,7.160,7.160,6.880,39395524,274476314,600098,15:00:01
sh600109,国金证券,8.270,-0.060,-0.720,8.260,8.270,8.330,8.350,8.380,8.200,16003831,132921968,600109,15:00:01
sh600118,中国卫星,76.850,-1.440,-1.839,76.850,76.860,78.290,79.400,80.280,76.800,28094372,2190897960,600118,15:00:01
sh600126,杭钢股份,8.590,-0.130,-1.491,8.590,8.600,8.720,8.880,8.930,8.470,86784423,752062495,600126,15:00:00
sh600131,国网信通,18.020,0.110,0.614,18.010,18.020,17.910,17.920,18.250,17.410,19511653,347282065,600131,15:00:01
sh600132,重庆啤酒,57.260,-0.730,-1.259,57.260,57.270,57.990,58.330,58.460,57.130,3247357,187466401,600132,15:00:03
sh600141,兴发集团,31.860,-0.980,-2.984,31.850,31.860,32.840,32.960,33.000,31.400,22234695,708503559,600141,15:00:03
sh600143,金发科技,15.850,-0.400,-2.462,15.840,15.850,16.250,16.260,16.330,15.800,39519556,630374567,600143,15:00:01
sh600153,建发股份,8.770,-0.160,-1.792,8.760,8.770,8.930,8.930,8.930,8.690,15344733,134899558,600153,15:00:03
sh600157,永泰能源,1.720,-0.050,-2.825,1.710,1.720,1.770,1.780,1.780,1.710,777574386,1346151382,600157,15:00:03
sh600166,福田汽车,3.000,0.050,1.695,2.990,3.000,2.950,2.940,3.020,2.940,128758704,384845197,600166,15:00:00
sh600170,上海建工,2.670,-0.040,-1.476,2.670,2.680,2.710,2.710,2.720,2.660,116024413,310623605,600170,15:00:03
sh600171,上海贝岭,26.030,-0.360,-1.364,26.030,26.040,26.390,26.500,26.580,26.020,5666036,148405175,600171,15:00:01
sh600177,雅戈尔,7.570,-0.100,-1.304,7.560,7.570,7.670,7.680,7.710,7.550,18831280,143762544,600177,15:00:00
sh600208,衢州发展,3.130,-0.060,-1.881,3.120,3.130,3.190,3.180,3.190,3.110,51119801,160267918,600208,15:00:03
sh600282,南钢股份,5.450,-0.050,-0.909,5.450,5.460,5.500,5.520,5.550,5.440,27593148,151366616,600282,15:00:03
sh600295,鄂尔多斯,14.740,-0.210,-1.405,14.740,14.780,14.950,15.000,15.040,14.710,3761180,55814680,600295,15:00:01
sh600298,安琪酵母,40.670,-0.050,-0.123,40.670,40.680,40.720,40.500,40.860,40.260,4606680,186884267,600298,15:00:01
sh600299,安迪苏,14.030,0.710,5.330,14.020,14.030,13.320,13.310,14.040,13.060,24008797,325837953,600299,15:00:00
sh600312,平高电气,19.910,-0.380,-1.873,19.910,19.920,20.290,20.340,20.600,19.880,15257744,306538930,600312,15:00:03
sh600316,洪都航空,38.290,-0.170,-0.442,38.290,38.300,38.460,38.600,38.690,37.010,9433801,358641355,600316,15:00:03
sh600329,达仁堂,41.100,-0.080,-0.194,41.100,41.110,41.180,41.180,41.310,40.880,2384380,97958735,600329,15:00:03
sh600332,白云山,23.030,-0.130,-0.561,23.020,23.030,23.160,23.100,23.100,22.850,10789362,247644012,600332,15:00:03
sh600339,中油工程,4.700,0.240,5.381,4.690,4.700,4.460,4.600,4.890,4.470,411237271,1896704104,600339,15:00:01
sh600348,华阳股份,8.770,-0.230,-2.556,8.760,8.770,9.000,9.000,9.050,8.720,23127655,203892162,600348,15:00:01
sh600352,浙江龙盛,12.940,-0.280,-2.118,12.940,12.950,13.220,13.200,13.230,12.880,24918689,323312541,600352,15:00:03
sh600363,联创光电,49.310,-0.350,-0.705,49.310,49.320,49.660,50.000,50.000,49.060,3902526,193303837,600363,15:00:00
sh600369,西南证券,4.090,-0.070,-1.683,4.090,4.100,4.160,4.150,4.170,4.080,28767600,118233091,600369,15:00:01
sh600378,昊华科技,31.920,1.390,4.553,31.910,31.920,30.530,30.990,32.330,30.910,10754648,340618291,600378,15:00:01
sh600380,健康元,11.280,-0.180,-1.571,11.270,11.280,11.460,11.400,11.450,11.250,13977650,158536612,600380,15:00:01
sh600390,五矿资本,5.240,-0.010,-0.190,5.240,5.250,5.250,5.360,5.440,5.230,29011516,153921591,600390,15:00:00
sh600392,盛和资源,22.500,0.130,0.581,22.500,22.510,22.370,22.380,22.930,22.190,43848600,989419263,600392,15:00:00
sh600398,海澜之家,6.480,-0.100,-1.520,6.470,6.480,6.580,6.560,6.620,6.460,31354401,204770087,600398,15:00:01
sh600435,北方导航,14.180,-0.310,-2.139,14.170,14.180,14.490,14.530,14.580,14.180,17188517,245980571,600435,15:00:01
sh600483,福能股份,10.220,-0.090,-0.873,10.220,10.230,10.310,10.380,10.390,10.130,17726020,180826177,600483,15:00:03
sh600486,扬农化工,74.350,-0.750,-0.999,74.350,74.360,75.100,74.930,75.810,72.600,4390019,325636721,600486,15:00:03
sh600487,亨通光电,58.050,4.660,8.728,58.040,58.050,53.390,54.450,58.730,54.010,169832639,9806984504,600487,15:00:01
sh600497,驰宏锌锗,7.700,-0.130,-1.660,7.700,7.710,7.830,7.850,7.890,7.690,50372817,390387034,600497,15:00:01
sh600498,烽火通信,49.160,1.340,2.802,49.160,49.170,47.820,48.810,50.800,48.630,116334543,5792483641,600498,15:00:03
sh600499,科达制造,16.120,-0.010,-0.062,16.120,16.130,16.130,16.080,16.380,15.910,16121600,259140752,600499,15:00:03
sh600511,国药股份,29.190,-0.110,-0.375,29.180,29.190,29.300,29.200,29.320,28.960,4251962,123844489,600511,15:00:03
sh600516,方大炭素,5.360,-0.140,-2.545,5.360,5.370,5.500,5.500,5.540,5.350,45518902,245751145,600516,15:00:00
sh600517,国网英大,6.200,-0.140,-2.208,6.190,6.200,6.340,6.340,6.390,6.180,23215103,145005492,600517,15:00:03
sh600521,华海药业,15.880,-0.620,-3.758,15.870,15.880,16.500,16.260,16.480,15.760,28556427,456750333,600521,15:00:00
sh600528,中铁工业,8.000,-0.660,-7.621,8.000,8.010,8.660,8.660,8.660,8.000,76919134,632377858,600528,15:00:03
sh600535,天士力,14.320,-0.200,-1.377,14.310,14.320,14.520,14.500,14.580,14.280,7100781,102026297,600535,15:00:01
sh600536,中国软件,35.940,0.270,0.757,35.930,35.940,35.670,35.750,36.670,35.240,10895564,390780896,600536,15:00:03
sh600546,山煤国际,11.050,-0.250,-2.212,11.050,11.060,11.300,11.260,11.350,11.020,16837120,187292986,600546,15:00:03
sh600549,厦门钨业,53.190,-0.180,-0.337,53.190,53.200,53.370,53.360,54.140,52.820,27605378,1473545643,600549,15:00:01
sh600562,国睿科技,23.840,-0.890,-3.599,23.840,23.850,24.730,24.670,24.880,23.800,7253750,175246927,600562,15:00:01
sh600563,法拉电子,119.180,-4.480,-3.623,119.180,119.190,123.660,123.660,124.270,119.170,7065658,855395381,600563,15:00:01
sh600566,济川药业,26.680,-0.470,-1.731,26.680,26.710,27.150,27.150,27.270,26.520,5075966,135834434,600566,15:00:03
sh600578,京能电力,5.000,-0.130,-2.534,5.000,5.010,5.130,5.130,5.150,5.000,33885307,170756622,600578,15:00:00
sh600580,卧龙电驱,35.280,-1.140,-3.130,35.270,35.280,36.420,36.600,36.700,35.270,27440978,978545965,600580,15:00:00
sh600582,天地科技,5.660,-0.050,-0.876,5.660,5.670,5.710,5.710,5.730,5.650,20687162,117287101,600582,15:00:01
sh600583,海油工程,6.790,-0.110,-1.594,6.790,6.800,6.900,6.840,6.870,6.640,83305053,562042876,600583,15:00:00
sh600598,北大荒,16.000,-0.630,-3.788,16.000,16.010,16.630,16.630,16.640,15.760,48216771,771717963,600598,15:00:01
sh600601,方正科技,9.630,-0.070,-0.722,9.620,9.630,9.700,9.800,9.830,9.610,35655742,345150975,600601,15:00:00
sh600602,云赛智联,24.390,2.220,10.014,24.390,0.000,22.170,22.710,24.390,22.090,125001617,2916346375,600602,15:00:00
sh600606,绿地控股,1.470,-0.030,-2.000,1.460,1.470,1.500,1.500,1.500,1.460,56332428,83006570,600606,15:00:01
sh600637,东方明珠,9.090,-0.210,-2.258,9.090,9.100,9.300,9.330,9.350,9.030,28070912,256227481,600637,15:00:03
sh600642,申能股份,8.760,-0.120,-1.351,8.760,8.770,8.880,8.910,8.910,8.750,16293471,143488667,600642,15:00:03
sh600655,豫园股份,4.530,-0.090,-1.948,4.520,4.530,4.620,4.610,4.630,4.520,7384600,33671690,600655,15:00:03
sh600663,陆家嘴,7.680,-0.120,-1.538,7.680,7.690,7.800,7.790,7.810,7.660,3316500,25574500,600663,15:00:03
sh600673,东阳光,30.720,0.850,2.846,30.720,30.730,29.870,30.360,30.980,29.630,43761891,1326880125,600673,15:00:03
sh600685,中船防务,27.230,-0.660,-2.366,27.220,27.230,27.890,27.980,28.280,27.200,10485886,287734628,600685,15:00:03
sh600688,上海石化,2.890,-0.060,-2.034,2.880,2.890,2.950,2.940,2.950,2.860,41045575,118737579,600688,15:00:01
sh600699,均胜电子,25.740,0.510,2.021,25.740,25.750,25.230,25.330,26.080,25.130,42641770,1093380374,600699,15:00:01
sh600704,物产中大,5.130,-0.060,-1.156,5.130,5.140,5.190,5.180,5.200,5.100,30201718,155184016,600704,15:00:03
sh600707,彩虹股份,5.480,-0.070,-1.261,5.480,5.490,5.550,5.550,5.580,5.460,12645671,69533195,600707,15:00:01
sh600720,中交设计,6.940,-0.100,-1.420,6.940,6.950,7.040,7.040,7.070,6.920,6314049,44095362,600720,15:00:03
sh600737,中粮糖业,14.200,0.200,1.429,14.190,14.200,14.000,13.950,14.400,13.930,29207300,416180513,600737,15:00:03
sh600739,辽宁成大,11.200,-0.110,-0.973,11.200,11.210,11.310,11.330,11.360,11.090,7684920,86134746,600739,15:00:01
sh600754,锦江酒店,27.600,-0.550,-1.954,27.590,27.600,28.150,28.550,28.580,27.500,8704699,241442107,600754,15:00:03
sh600763,通策医疗,40.990,-0.560,-1.348,40.990,41.000,41.550,41.580,41.600,40.820,4851251,199210420,600763,15:00:01
sh600764,中国海防,23.390,-0.440,-1.846,23.390,23.400,23.830,23.860,23.970,23.170,3207300,75186799,600764,15:00:01
sh600765,中航重机,15.890,-0.240,-1.488,15.880,15.890,16.130,16.190,16.250,15.790,16314460,260646558,600765,15:00:03
sh600801,华新建材,23.030,0.130,0.568,23.000,23.030,22.900,22.930,23.400,22.540,15217903,348106364,600801,15:00:01
sh600808,马钢股份,3.700,-0.050,-1.333,3.690,3.700,3.750,3.770,3.800,3.680,30570835,113687066,600808,15:00:03
sh600816,建元信托,2.500,-0.020,-0.794,2.500,2.510,2.520,2.520,2.560,2.480,27786600,69677694,600816,15:00:01
sh600820,隧道股份,6.060,-0.050,-0.818,6.060,6.070,6.110,6.090,6.120,6.030,15510774,94106829,600820,15:00:03
sh600848,上海临港,9.880,-0.110,-1.101,9.870,9.880,9.990,10.000,10.040,9.800,4942380,48765246,600848,15:00:01
sh600862,中航高科,20.840,-0.240,-1.139,20.830,20.840,21.080,21.020,21.150,20.700,11014319,229633922,600862,15:00:03
sh600863,华能蒙电,4.990,-0.090,-1.772,4.980,4.990,5.080,5.070,5.080,4.950,46966439,234328474,600863,15:00:00
sh600871,石化油服,2.870,-0.080,-2.712,2.870,2.880,2.950,2.920,2.930,2.820,193042699,553231190,600871,15:00:01
sh600873,梅花生物,11.120,-0.200,-1.767,11.120,11.130,11.320,11.320,11.350,11.060,26844600,299020605,600873,15:00:01
sh600879,航天电子,20.570,-0.480,-2.280,20.570,20.580,21.050,21.350,21.400,20.400,90670399,1880554954,600879,15:00:01
sh600884,杉杉股份,13.010,-0.130,-0.989,13.010,13.020,13.140,13.190,13.300,12.840,41920016,543263093,600884,15:00:03
sh600885,宏发股份,25.570,0.220,0.868,25.570,25.580,25.350,25.500,25.760,25.020,22931743,583238026,600885,15:00:03
sh600901,江苏金租,6.700,-0.010,-0.149,6.700,6.710,6.710,6.710,6.810,6.680,26275812,176913330,600901,15:00:00
sh600906,财达证券,6.220,-0.110,-1.738,6.220,6.230,6.330,6.350,6.360,6.220,11084900,69494156,600906,15:00:01
sh600909,华安证券,5.440,-0.100,-1.805,5.440,5.450,5.540,5.540,5.560,5.440,36938731,202644165,600909,15:00:01
sh600927,永安期货,13.410,-0.070,-0.519,13.410,13.420,13.480,13.540,13.700,13.400,3662020,49448780,600927,15:00:01
sh600959,江苏有线,3.840,0.020,0.524,3.830,3.840,3.820,3.840,4.000,3.800,104067373,405327745,600959,15:00:03
sh600967,内蒙一机,14.190,-0.510,-3.469,14.190,14.200,14.700,14.700,14.740,14.140,21537740,307970345,600967,15:00:03
sh600968,海油发展,4.480,-0.120,-2.609,4.480,4.490,4.600,4.600,4.600,4.430,72821600,327185318,600968,15:00:01
sh600970,中材国际,10.450,-0.070,-0.665,10.450,10.460,10.520,10.520,10.560,10.280,20945194,218008720,600970,15:00:00
sh600977,中国电影,13.230,-0.270,-2.000,13.220,13.230,13.500,13.490,13.530,13.190,15229223,202636138,600977,15:00:01
sh600985,淮北矿业,13.420,-0.380,-2.754,13.420,13.430,13.800,13.880,13.880,13.370,11516819,155844484,600985,15:00:00
sh600988,赤峰黄金,45.250,0.250,0.556,45.240,45.250,45.000,44.930,45.280,44.060,42504644,1905781993,600988,15:00:01
sh600995,南网储能,13.290,-0.330,-2.423,13.290,13.300,13.620,13.630,13.750,13.270,20667443,277144584,600995,15:00:03
sh600998,九州通,5.280,-0.100,-1.859,5.270,5.280,5.380,5.350,5.390,5.270,44852061,238751655,600998,15:00:01
sh601000,唐山港,4.710,-0.010,-0.212,4.710,4.720,4.720,4.720,4.790,4.690,61078270,290048731,601000,15:00:00
sh601001,晋控煤业,16.380,-0.190,-1.147,16.370,16.380,16.570,16.700,16.730,16.270,13422303,220574963,601001,15:00:01
sh601016,节能风电,3.810,-0.220,-5.459,3.800,3.810,4.030,4.020,4.030,3.780,414654345,1596332078,601016,15:00:00
sh601019,山东出版,8.720,-0.120,-1.357,8.710,8.720,8.840,8.890,8.900,8.670,4630463,40535198,601019,15:00:01
sh601061,中信金属,11.300,-0.260,-2.249,11.290,11.300,11.560,11.540,11.580,11.240,10223106,115634258,601061,15:00:03
sh601098,中南传媒,10.930,-0.200,-1.797,10.930,10.940,11.130,11.170,11.180,10.900,4147400,45640860,601098,15:00:00
sh601099,太平洋,3.650,-0.050,-1.351,3.650,3.660,3.700,3.710,3.720,3.640,61706671,226649959,601099,15:00:01
sh601106,中国一重,4.170,-0.070,-1.651,4.160,4.170,4.240,4.250,4.270,4.160,38510700,161217171,601106,15:00:01
sh601108,财通证券,7.700,-0.010,-0.130,7.700,7.710,7.710,7.720,7.770,7.680,22580669,174465701,601108,15:00:00
sh601118,海南橡胶,6.380,-0.170,-2.595,6.380,6.390,6.550,6.550,6.570,6.310,32695866,208914325,601118,15:00:01
sh601128,常熟银行,7.040,-0.060,-0.845,7.030,7.040,7.100,7.110,7.110,7.010,22845928,160794798,601128,15:00:03
sh601139,深圳燃气,7.000,-0.250,-3.448,6.990,7.000,7.250,7.240,7.260,6.970,30767256,217933022,601139,15:00:03
sh601155,新城控股,13.650,-0.380,-2.708,13.650,13.660,14.030,14.000,14.080,13.600,15257174,210924190,601155,15:00:03
sh601156,东航物流,16.890,-0.310,-1.802,16.890,16.900,17.200,17.150,17.240,16.850,6647330,112674351,601156,15:00:01
sh601162,天风证券,3.600,-0.040,-1.099,3.590,3.600,3.640,3.650,3.670,3.590,58445812,211836132,601162,15:00:03
sh601168,西部矿业,25.540,0.040,0.157,25.530,25.540,25.500,25.660,25.800,25.310,28945248,739316970,601168,15:00:01
sh601179,中国西电,15.050,-0.280,-1.826,15.050,15.060,15.330,15.520,15.680,15.010,127014279,1942570765,601179,15:00:01
sh601198,东兴证券,12.480,0.040,0.322,12.470,12.480,12.440,12.400,12.610,12.400,18026246,226038805,601198,15:00:01
sh601212,白银有色,7.740,-0.150,-1.901,7.740,7.750,7.890,7.930,7.950,7.670,59882259,464270662,601212,15:00:03
sh601216,君正集团,5.120,-0.200,-3.759,5.110,5.120,5.320,5.340,5.350,5.090,85213627,438943974,601216,15:00:00
sh601228,广州港,3.320,-0.050,-1.484,3.310,3.320,3.370,3.360,3.400,3.310,22657600,75629141,601228,15:00:03
sh601231,环旭电子,34.210,0.530,1.574,34.210,34.220,33.680,34.900,35.600,34.100,42915941,1489192292,601231,15:00:00
sh601233,桐昆股份,17.930,-0.260,-1.429,17.930,17.940,18.190,18.280,18.310,17.700,25739326,462696498,601233,15:00:03
sh601333,广深铁路,3.090,-0.070,-2.215,3.090,3.100,3.160,3.160,3.160,3.070,57097300,177153644,601333,15:00:01
sh601399,国机重装,4.390,-0.090,-2.009,4.380,4.390,4.480,4.470,4.490,4.370,50630740,223037004,601399,15:00:01
sh601555,东吴证券,8.000,0.050,0.629,8.000,8.010,7.950,7.960,8.100,7.960,47462108,381523567,601555,15:00:01
sh601567,三星医疗,24.950,-0.150,-0.598,24.930,24.950,25.100,25.460,25.460,24.500,16247315,404778291,601567,15:00:03
sh601577,长沙银行,9.540,-0.100,-1.037,9.540,9.550,9.640,9.640,9.670,9.500,10680455,102086920,601577,15:00:01
sh601598,中国外运,6.270,-0.030,-0.476,6.260,6.270,6.300,6.290,6.360,6.230,19593200,123200746,601598,15:00:03
sh601608,中信重工,6.040,-0.090,-1.468,6.030,6.040,6.130,6.180,6.180,6.000,23432475,142210195,601608,15:00:01
sh601611,中国核建,13.290,-0.850,-6.011,13.280,13.290,14.140,14.130,14.150,13.250,64815308,880388609,601611,15:00:03
sh601615,明阳智能,15.870,-0.550,-3.350,15.860,15.870,16.420,16.620,16.660,15.720,63207021,1010765042,601615,15:00:01
sh601665,齐鲁银行,5.760,-0.070,-1.201,5.760,5.770,5.830,5.830,5.840,5.740,38954090,224986620,601665,15:00:01
sh601666,平煤股份,7.840,-0.390,-4.739,7.840,7.850,8.230,8.230,8.250,7.780,38240691,302843152,601666,15:00:01
sh601696,中银证券,11.960,-0.180,-1.483,11.950,11.960,12.140,12.160,12.240,11.960,17663811,213639665,601696,15:00:00
sh601699,潞安环能,13.050,-0.640,-4.675,13.050,13.060,13.690,13.610,13.650,12.940,24160002,317058542,601699,15:00:03
sh601717,中创智领,19.940,-0.260,-1.287,19.940,19.950,20.200,20.190,20.450,19.920,16810490,337993223,601717,15:00:03
sh601799,星宇股份,119.770,-1.410,-1.164,119.770,119.790,121.180,121.720,121.720,118.100,1676844,200378968,601799,15:00:03
sh601865,福莱特,13.460,-0.420,-3.026,13.450,13.460,13.880,13.830,13.880,13.440,17291800,235012758,601865,15:00:03
sh601866,中远海发,2.860,0.100,3.623,2.850,2.860,2.760,2.820,3.020,2.820,326987678,950693462,601866,15:00:00
sh601880,辽港股份,1.620,-0.020,-1.220,1.620,1.630,1.640,1.640,1.650,1.610,119556918,194069404,601880,15:00:03
sh601918,新集能源,7.390,-0.210,-2.763,7.380,7.390,7.600,7.610,7.620,7.320,36030240,266729138,601918,15:00:01
sh601921,浙版传媒,7.820,-0.060,-0.761,7.820,7.830,7.880,7.890,7.890,7.810,6968649,54659899,601921,15:00:03
sh601928,凤凰传媒,9.750,-0.110,-1.116,9.750,9.760,9.860,9.880,9.890,9.750,5752100,56436407,601928,15:00:03
sh601958,金钼股份,18.440,-0.240,-1.285,18.430,18.440,18.680,18.720,18.780,18.300,18357293,339202366,601958,15:00:01
sh601965,中国汽研,17.020,-0.140,-0.816,17.020,17.030,17.160,17.130,17.210,16.810,5192941,88365484,601965,15:00:03
sh601966,玲珑轮胎,13.960,-0.120,-0.852,13.960,13.970,14.080,14.080,14.100,13.920,6187527,86653537,601966,15:00:03
sh601990,南京证券,7.190,-0.090,-1.236,7.190,7.200,7.280,7.300,7.310,7.180,10325200,74650985,601990,15:00:03
sh601991,大唐发电,3.710,-0.130,-3.385,3.710,3.720,3.840,3.830,3.840,3.680,172344654,644063264,601991,15:00:03
sh601997,贵阳银行,5.720,-0.070,-1.209,5.720,5.730,5.790,5.790,5.800,5.700,22283900,127858223,601997,15:00:01
sh603000,人民网,18.800,-0.380,-1.981,18.800,18.810,19.180,19.180,19.280,18.790,12753700,241272201,603000,15:00:01
sh603049,中策橡胶,48.520,-0.670,-1.362,48.520,48.530,49.190,48.900,49.180,48.440,1630415,79316011,603049,15:00:00
sh603077,和邦生物,2.690,-0.060,-2.182,2.680,2.690,2.750,2.750,2.770,2.670,151085083,406743612,603077,15:00:03
sh603087,甘李药业,63.150,-1.380,-2.139,63.150,63.160,64.530,63.600,64.400,63.010,5321493,337888064,603087,15:00:01
sh603129,春风动力,238.500,-3.320,-1.373,238.500,238.650,241.820,241.080,248.500,238.000,941643,227873425,603129,15:00:03
sh603156,养元饮品,29.900,-0.570,-1.871,29.890,29.900,30.470,30.340,30.650,29.740,2983101,89530083,603156,15:00:03
sh603160,汇顶科技,63.380,-0.590,-0.922,63.380,63.390,63.970,64.300,64.420,63.100,3012617,191897496,603160,15:00:01
sh603179,新泉股份,64.830,-1.480,-2.232,64.830,64.860,66.310,66.360,66.660,64.780,7928021,518443697,603179,15:00:01
sh603225,新凤鸣,16.840,-0.500,-2.884,16.840,16.850,17.340,17.340,17.440,16.700,18101000,305449498,603225,15:00:00
sh603228,景旺电子,53.890,-0.280,-0.517,53.890,53.900,54.170,54.680,54.980,53.680,13507340,732410067,603228,15:00:01
sh603233,大参林,17.830,-0.120,-0.669,17.810,17.830,17.950,17.980,18.020,17.660,3121600,55656713,603233,15:00:01
sh603290,斯达半导,97.370,0.120,0.123,97.370,97.380,97.250,97.600,98.280,96.080,3274267,319003983,603290,15:00:01
sh603298,杭叉集团,24.820,0.090,0.364,24.820,24.830,24.730,24.760,24.970,24.660,2436000,60453667,603298,15:00:03
sh603338,浙江鼎力,47.840,-0.740,-1.523,47.840,47.850,48.580,48.580,48.900,47.840,1666768,80285070,603338,15:00:01
sh603341,龙旗科技,36.380,-0.840,-2.257,36.380,36.390,37.220,37.400,37.580,36.360,4847900,178191183,603341,15:00:03
sh603345,安井食品,96.610,0.240,0.249,96.610,96.630,96.370,97.150,97.150,95.500,2822304,272571384,603345,15:00:01
sh603379,三美股份,61.780,0.290,0.472,61.770,61.780,61.490,62.000,62.990,61.330,4482381,278170629,603379,15:00:01
sh603444,吉比特,359.190,-5.360,-1.470,359.140,359.190,364.550,365.000,366.620,358.280,956071,345464077,603444,15:00:01
sh603486,科沃斯,59.890,-0.670,-1.106,59.880,59.890,60.560,60.560,61.000,59.670,2093279,125966951,603486,15:00:03
sh603529,爱玛科技,30.150,-1.360,-4.316,30.150,30.160,31.510,31.590,31.800,30.120,18147089,555504451,603529,15:00:03
sh603565,中谷物流,11.410,-0.190,-1.638,11.400,11.410,11.600,11.530,11.720,11.380,14018923,161388776,603565,15:00:01
sh603568,伟明环保,24.780,-0.240,-0.959,24.770,24.780,25.020,24.890,25.120,24.690,2810453,69827945,603568,15:00:03
sh603589,口子窖,24.490,-0.700,-2.779,24.490,24.500,25.190,25.120,25.200,24.460,3212490,79362358,603589,15:00:01
sh603596,伯特利,43.530,-0.370,-0.843,43.530,43.540,43.900,44.300,45.080,43.500,7150166,314814261,603596,15:00:03
sh603605,珀莱雅,59.830,-1.220,-1.998,59.820,59.830,61.050,61.100,61.300,59.650,2394888,144109015,603605,15:00:01
sh603606,东方电缆,58.190,-2.640,-4.340,58.190,58.200,60.830,60.720,60.800,58.070,9578271,562947027,603606,15:00:03
sh603650,彤程新材,48.850,0.030,0.061,48.850,48.860,48.820,49.200,49.560,48.770,5387264,264901146,603650,15:00:01
sh603658,安图生物,33.980,-0.510,-1.479,33.980,33.990,34.490,34.280,34.450,33.730,1941724,66061578,603658,15:00:01
sh603659,璞泰来,29.890,-1.310,-4.199,29.890,29.900,31.200,30.960,31.360,29.560,65797362,1978866927,603659,15:00:00
sh603688,石英股份,42.220,-0.180,-0.425,42.210,42.220,42.400,42.620,43.110,42.210,14096549,599847139,603688,15:00:03
sh603699,纽威股份,50.510,-1.740,-3.330,50.510,50.550,52.250,52.650,52.800,50.390,4006700,205198245,603699,15:00:01
sh603707,健友股份,9.670,-0.280,-2.814,9.660,9.670,9.950,9.860,9.890,9.650,12082400,117770706,603707,15:00:00
sh603728,鸣志电器,55.620,-0.900,-1.592,55.610,55.620,56.520,56.520,56.750,55.600,2416140,135446056,603728,15:00:03
sh603737,三棵树,49.880,-1.240,-2.426,49.860,49.880,51.120,51.130,51.400,49.510,1816304,90773316,603737,15:00:03
sh603766,隆鑫通用,14.290,0.320,2.291,14.280,14.290,13.970,13.980,14.790,13.900,42402268,608921506,603766,15:00:03
sh603786,科博达,53.380,-0.830,-1.531,53.370,53.380,54.210,54.210,54.490,53.200,2131854,114584320,603786,15:00:03
sh603806,福斯特,16.850,-0.820,-4.641,16.850,16.860,17.670,17.520,17.610,16.750,37374676,634647469,603806,15:00:03
sh603816,顾家家居,33.620,-0.380,-1.118,33.620,33.630,34.000,33.620,34.050,33.500,2269150,76593808,603816,15:00:03
sh603833,欧派家居,54.730,-1.070,-1.918,54.730,54.740,55.800,55.500,56.080,53.900,1701780,92588150,603833,15:00:01
sh603858,步长制药,16.430,-0.390,-2.319,16.430,16.440,16.820,16.720,16.790,16.410,4303849,71261290,603858,15:00:00
sh603885,吉祥航空,12.080,-0.100,-0.821,12.080,12.090,12.180,12.220,12.250,11.970,9293531,112200825,603885,15:00:01
sh603899,晨光股份,25.640,-0.360,-1.385,25.640,25.650,26.000,25.950,25.950,25.460,2641400,67731469,603899,15:00:01
sh603920,世运电路,49.040,-0.260,-0.527,49.040,49.050,49.300,49.400,50.100,49.010,14824783,733662961,603920,15:00:03
sh603927,中科软,16.100,-0.240,-1.469,16.100,16.110,16.340,16.340,16.460,16.080,4706212,76286734,603927,15:00:01
sh603939,益丰药房,23.410,-0.620,-2.580,23.410,23.430,24.030,23.860,23.940,23.350,5137506,121295902,603939,15:00:03
sh603979,金诚信,57.810,-0.410,-0.704,57.810,57.830,58.220,58.560,58.830,57.560,5333221,309542357,603979,15:00:03
sh605358,立昂微,32.440,0.240,0.745,32.440,32.450,32.200,32.580,32.840,32.280,8219072,267452041,605358,15:00:03
sh605589,圣泉集团,32.430,2.950,10.007,32.430,0.000,29.480,29.790,32.430,29.660,34256886,1086110863,605589,15:00:01
sh688002,睿创微纳,102.190,0.700,0.690,102.130,102.190,101.490,101.860,103.500,101.130,4011670,410060721,688002,15:34:59
sh688017,绿的谐波,187.300,-6.200,-3.204,187.290,187.300,193.500,193.490,195.000,186.510,4476245,847178659,688017,15:00:03
sh688018,乐鑫科技,141.030,-1.260,-0.886,141.030,141.080,142.290,142.400,143.920,140.400,1508935,214623418,688018,15:00:03
sh688019,安集科技,254.100,3.840,1.534,254.040,254.100,250.260,251.900,257.670,249.510,2240323,568314751,688019,15:00:03
sh688027,国盾量子,527.680,4.480,0.856,527.680,527.990,523.200,529.190,538.350,522.120,1701928,903218968,688027,15:00:03
sh688037,芯源微,164.260,-2.200,-1.322,164.260,164.420,166.460,168.100,168.800,162.800,2415791,398923202,688037,15:00:03
sh688052,纳芯微,148.650,-2.440,-1.615,148.650,148.800,151.090,151.360,152.380,145.870,1851816,275100097,688052,15:00:01
sh688065,凯赛生物,47.700,-1.960,-3.947,47.700,47.740,49.660,49.510,49.950,47.650,3878651,187274916,688065,15:00:03
sh688099,晶晨股份,75.760,-0.920,-1.200,75.760,75.780,76.680,76.810,78.430,75.700,6670637,512108546,688099,15:00:03
sh688100,威胜信息,35.500,-0.720,-1.988,35.490,35.500,36.220,36.580,36.580,35.420,1814529,65057428,688100,15:00:01
sh688114,华大智造,48.240,-1.660,-3.327,48.240,48.310,49.900,49.710,49.870,48.200,2082968,101582171,688114,15:00:03
sh688120,华海清科,170.470,-1.430,-0.832,170.430,170.470,171.900,172.910,175.320,169.000,2506473,431946278,688120,15:00:01
sh688122,西部超导,68.580,-1.020,-1.466,68.580,68.590,69.600,69.600,70.280,68.310,7265547,501274834,688122,15:00:03
sh688166,博瑞医药,53.360,-1.030,-1.894,53.350,53.360,54.390,52.800,55.490,52.800,14880565,801841570,688166,15:00:01
sh688172,燕东微,36.300,-0.650,-1.759,36.300,36.310,36.950,37.360,37.510,36.180,6524682,239628512,688172,15:00:01
sh688180,君实生物,38.790,-0.070,-0.180,38.780,38.790,38.860,38.030,39.170,37.910,21807343,842765887,688180,15:34:59
sh688183,生益电子,82.590,1.330,1.637,82.580,82.590,81.260,82.370,84.360,81.310,11410648,946482760,688183,15:34:59
sh688188,柏楚电子,131.480,-0.080,-0.061,131.360,131.480,131.560,131.560,132.300,130.370,858335,112877834,688188,15:00:01
sh688192,迪哲医药,57.500,-1.070,-1.827,57.500,57.560,58.570,56.760,58.190,55.900,4429227,252683641,688192,15:00:03
sh688213,思特威,90.270,6.230,7.413,90.260,90.270,84.040,85.050,91.400,84.190,14458351,1284453739,688213,15:34:59
sh688220,翱捷科技,66.210,-0.600,-0.898,66.210,66.250,66.810,67.700,67.890,65.930,4013727,267507833,688220,15:34:59
sh688234,天岳先进,90.440,4.890,5.716,90.380,90.440,85.550,89.830,96.430,89.830,13570161,1256650739,688234,15:00:00
sh688235,百济神州,239.290,-9.960,-3.996,239.290,239.400,249.250,243.020,244.460,238.000,3744060,901394217,688235,15:00:03
sh688248,南网科技,57.030,0.930,1.658,57.030,57.120,56.100,54.780,58.300,54.780,5138428,294217091,688248,15:00:01
sh688266,泽璟制药,99.500,-2.700,-2.642,99.500,99.600,102.200,101.310,102.210,99.220,2615749,261857573,688266,15:00:00
sh688278,特宝生物,64.000,-2.400,-3.614,64.000,64.100,66.400,65.860,65.970,63.680,2302305,148466154,688278,15:00:01
sh688281,华秦科技,70.920,0.890,1.271,70.920,71.010,70.030,71.060,73.200,69.330,3653932,260627946,688281,15:00:01
sh688295,中复神鹰,50.010,-1.990,-3.827,50.010,50.020,52.000,52.380,52.660,50.000,19331655,978780288,688295,15:34:59
sh688297,中无人机,47.880,-1.110,-2.266,47.880,47.890,48.990,49.070,49.300,47.790,7133947,343904381,688297,15:00:01
sh688301,奕瑞科技,106.620,-1.450,-1.342,106.500,106.620,108.070,108.680,108.680,104.880,1831330,195194234,688301,15:00:01
sh688318,财富趋势,101.650,-2.630,-2.522,101.640,101.650,104.280,106.000,106.000,101.300,1668473,170923213,688318,15:00:03
sh688322,奥比中光,76.130,0.600,0.794,76.110,76.130,75.530,75.540,76.280,74.410,3241482,244607058,688322,15:00:00
sh688336,三生国健,92.300,1.920,2.124,92.300,92.310,90.380,88.800,96.600,88.000,19247546,1770980958,688336,15:34:59
sh688347,华虹公司,107.410,-1.580,-1.450,107.400,107.410,108.990,110.060,110.870,107.200,7821376,851590937,688347,15:34:59
sh688349,三一重能,22.620,-0.440,-1.908,22.600,22.620,23.060,23.060,23.210,22.420,4539507,102659759,688349,15:00:03
sh688361,中科飞测,151.690,1.310,0.871,151.690,151.700,150.380,151.500,154.130,149.260,2881815,437810449,688361,15:00:00
sh688363,华熙生物,40.700,-0.980,-2.351,40.700,40.710,41.680,41.810,41.820,40.610,1929381,78900913,688363,15:00:03
sh688375,国博电子,105.090,-0.900,-0.849,105.090,105.100,105.990,107.400,108.750,104.000,2403512,254942919,688375,15:00:01
sh688385,复旦微电,65.450,2.860,4.569,65.430,65.450,62.590,63.240,66.300,62.600,13080614,848686767,688385,15:00:03
sh688387,信科移动,14.330,-0.120,-0.830,14.330,14.340,14.450,14.650,14.920,14.110,56300488,816398851,688387,15:00:03
sh688425,铁建重工,4.880,-0.140,-2.789,4.880,4.890,5.020,5.010,5.030,4.880,29505186,144843445,688425,15:34:59
sh688469,芯联集成,6.260,-0.080,-1.262,6.260,6.270,6.340,6.350,6.390,6.250,45175072,284489254,688469,15:00:03
sh688475,萤石网络,25.860,-0.360,-1.373,25.860,25.870,26.220,26.410,26.410,25.810,2480779,64498238,688475,15:00:01
sh688520,神州细胞,41.670,-1.720,-3.964,41.660,41.670,43.390,42.000,43.010,41.520,4498839,189531732,688520,15:00:03
sh688525,佰维存储,210.290,-0.530,-0.251,210.280,210.290,210.820,213.600,217.550,210.200,21487927,4567933114,688525,15:34:59
sh688538,和辉光电,2.270,-0.010,-0.439,2.260,2.270,2.280,2.290,2.300,2.250,40518079,92113600,688538,15:00:03
sh688561,奇安信,28.780,-0.370,-1.269,28.780,28.790,29.150,29.270,29.320,28.520,3006981,86636229,688561,15:00:03
sh688563,航材股份,58.300,-0.660,-1.119,58.300,58.310,58.960,59.320,59.840,58.170,1271028,74569809,688563,15:00:03
sh688568,中科星图,57.970,-1.420,-2.391,57.970,57.990,59.390,59.880,60.270,57.890,8091091,474769750,688568,15:00:03
sh688578,艾力斯,97.440,-1.890,-1.903,97.420,97.440,99.330,97.330,97.990,96.390,4181684,406686222,688578,15:00:03
sh688582,芯动联科,60.320,3.010,5.252,60.310,60.320,57.310,57.280,60.500,56.800,6129635,364235368,688582,15:00:03
sh688599,天合光能,15.320,-0.670,-4.190,15.320,15.330,15.990,15.990,16.080,15.270,36043980,559094237,688599,15:34:59
sh688608,恒玄科技,161.900,-4.420,-2.658,161.900,161.910,166.320,167.750,167.750,161.850,2545665,416194249,688608,15:00:01
sh688615,合合信息,164.900,-2.990,-1.781,164.900,165.310,167.890,168.320,169.000,164.500,1529208,254086422,688615,15:00:03
sh688617,惠泰医疗,255.860,-0.440,-0.172,255.530,255.860,256.300,255.020,261.650,254.050,741945,190937472,688617,15:00:00
sh688629,华丰科技,115.590,8.380,7.816,115.500,115.590,107.210,109.380,116.750,108.000,24013950,2720866615,688629,15:34:59
sh688676,金盘科技,72.000,-1.000,-1.370,71.990,72.000,73.000,73.980,74.000,72.000,6341148,461400974,688676,15:34:59
sh688692,达梦数据,208.340,-1.820,-0.866,208.310,208.340,210.160,209.000,212.550,206.540,520586,108433649,688692,15:00:03
sh688702,盛科通信,173.780,5.110,3.030,173.770,173.780,168.670,172.570,178.000,167.510,6171095,1070610575,688702,15:00:01
sh688709,成都华微,41.350,0.150,0.364,41.350,41.370,41.200,41.580,42.040,41.310,3069190,127760453,688709,15:00:03
sh688728,格科微,12.780,-0.090,-0.699,12.770,12.780,12.870,12.900,12.980,12.740,7381975,94842805,688728,15:00:00
sh688772,珠海冠宇,14.690,-0.360,-2.392,14.690,14.700,15.050,15.160,15.220,14.680,16999420,252264742,688772,15:00:03
sh688777,中控技术,64.000,-0.780,-1.204,64.000,64.010,64.780,64.990,65.290,63.860,7865206,507468410,688777,15:00:03
sh688778,厦钨新能,69.160,-1.440,-2.040,69.100,69.160,70.600,70.800,71.480,68.800,3091443,215425298,688778,15:00:03
sh688819,天能股份,31.200,-0.600,-1.887,31.200,31.210,31.800,32.090,32.430,31.090,3620140,114083800,688819,15:00:01
sh689009,九号公司,44.270,0.790,1.817,44.260,44.270,43.480,43.790,44.800,43.480,10459978,463424790,689009,15:00:01
sz000009,中国宝安,8.430,-0.230,-2.656,8.420,8.430,8.660,8.680,8.760,8.420,16388615,139430435,000009,15:00:00
sz000021,深科技,25.650,0.000,0.000,25.650,25.660,25.650,25.910,26.090,25.480,44821881,1156082605,000021,15:00:00
sz000027,深圳能源,6.600,-0.180,-2.655,6.600,6.610,6.780,6.790,6.810,6.600,44092482,293582431,000027,15:00:00
sz000032,深桑达Ａ,17.140,-0.360,-2.057,17.140,17.150,17.500,17.590,17.620,17.010,15920970,274446640,000032,15:00:00
sz000034,神州数码,32.060,-0.200,-0.620,32.050,32.060,32.260,32.510,32.650,31.790,12196857,393016111,000034,15:00:00
sz000039,中集集团,10.740,0.140,1.321,10.740,10.750,10.600,10.590,10.840,10.330,43848657,467140120,000039,15:00:00
sz000050,深天马Ａ,7.790,-0.100,-1.267,7.790,7.800,7.890,7.910,7.950,7.770,14487751,113375800,000050,15:00:00
sz000060,中金岭南,5.990,-0.100,-1.642,5.980,5.990,6.090,6.100,6.120,5.960,57422414,345252438,000060,15:00:00
sz000062,深圳华强,24.570,0.240,0.986,24.570,24.580,24.330,24.340,25.390,24.130,27030726,669769423,000062,15:00:00
sz000088,盐 田 港,4.550,-0.040,-0.871,4.540,4.550,4.590,4.580,4.610,4.520,24406465,111192282,000088,15:00:00
sz000155,川能动力,16.100,-0.870,-5.127,16.100,16.110,16.970,16.370,16.850,16.050,117215233,1908372973,000155,15:00:00
sz000400,许继电气,26.910,-0.490,-1.788,26.910,26.920,27.400,27.450,27.600,26.850,15795917,427835317,000400,15:00:00
sz000415,渤海租赁,4.310,-0.050,-1.147,4.300,4.310,4.360,4.370,4.410,4.250,47552296,204874166,000415,15:00:00
sz000423,东阿阿胶,56.110,-0.970,-1.699,56.060,56.110,57.080,56.760,56.960,55.710,4777786,268305168,000423,15:00:00
sz000426,兴业银锡,39.420,-0.540,-1.351,39.420,39.430,39.960,40.510,40.630,39.380,29675360,1179384390,000426,15:00:00
sz000429,粤高速Ａ,13.080,-0.050,-0.381,13.080,13.090,13.130,13.120,13.180,12.980,6947398,90559893,000429,15:00:00
sz000513,丽珠集团,34.430,-0.640,-1.825,34.420,34.430,35.070,34.720,34.900,34.380,5763768,199299917,000513,15:00:00
sz000519,中兵红箭,16.550,-0.320,-1.897,16.540,16.550,16.870,16.780,16.880,16.420,17395280,288296282,000519,15:00:00
sz000528,柳 工,9.240,-0.150,-1.597,9.230,9.240,9.390,9.360,9.400,9.200,16298953,151146118,000528,15:00:00
sz000537,绿发电力,9.710,-0.250,-2.510,9.710,9.720,9.960,9.990,10.030,9.650,40180496,391720513,000537,15:00:00
sz000539,粤电力Ａ,5.340,-0.270,-4.813,5.340,5.350,5.610,5.610,5.630,5.320,91700855,494801226,000539,15:00:00
sz000559,万向钱潮,14.800,-0.440,-2.887,14.800,14.810,15.240,15.410,15.420,14.790,42553207,635512904,000559,15:00:00
sz000563,陕国投Ａ,3.330,-0.040,-1.187,3.320,3.330,3.370,3.380,3.400,3.310,39509150,132102942,000563,15:00:00
sz000582,北部湾港,10.320,-0.210,-1.994,10.320,10.330,10.530,10.580,10.680,10.300,24103184,250993956,000582,15:00:00
sz000591,太阳能,5.200,-0.180,-3.346,5.200,5.210,5.380,5.360,5.370,5.190,86066045,450734210,000591,15:00:00
sz000598,兴蓉环境,6.630,-0.100,-1.486,6.620,6.630,6.730,6.730,6.750,6.600,22584265,150272675,000598,15:00:00
sz000623,吉林敖东,17.440,-0.270,-1.525,17.420,17.440,17.710,17.720,17.760,17.420,6600239,115811966,000623,15:00:00
sz000629,钒钛股份,3.210,-0.080,-2.432,3.210,3.220,3.290,3.300,3.310,3.200,79932850,258393184,000629,15:00:00
sz000657,中钨高新,46.270,0.100,0.217,46.260,46.270,46.170,46.860,47.240,46.000,35531363,1652537007,000657,15:00:00
sz000683,博源化工,8.410,0.130,1.570,8.400,8.410,8.280,8.270,8.460,8.180,40605324,338593809,000683,15:00:00
sz000703,恒逸石化,12.870,0.140,1.100,12.860,12.870,12.730,12.730,13.000,12.430,28500873,365899708,000703,15:00:00
sz000709,河钢股份,2.280,-0.030,-1.299,2.270,2.280,2.310,2.310,2.320,2.270,70278559,160698833,000709,15:00:00
sz000723,美锦能源,4.420,-0.210,-4.536,4.420,4.430,4.630,4.630,4.640,4.420,88641800,396900752,000723,15:00:00
sz000728,国元证券,7.560,-0.080,-1.047,7.550,7.560,7.640,7.660,7.670,7.540,12459090,94681988,000728,15:00:00
sz000729,燕京啤酒,13.870,0.940,7.270,13.870,13.880,12.930,13.810,14.220,13.740,87954809,1227547194,000729,15:00:00
sz000733,振华科技,44.000,-0.880,-1.961,44.000,44.010,44.880,44.980,45.100,43.980,6981688,309170738,000733,15:00:00
sz000738,航发控制,20.720,-0.670,-3.132,20.710,20.720,21.390,21.510,21.590,20.700,16311734,342050430,000738,15:00:00
sz000739,普洛药业,17.600,-0.830,-4.504,17.600,17.610,18.430,18.070,18.250,17.570,11092421,197957893,000739,15:00:00
sz000750,国海证券,3.740,-0.040,-1.058,3.730,3.740,3.780,3.780,3.800,3.730,35056714,131685635,000750,15:00:00
sz000783,长江证券,6.800,-0.110,-1.592,6.800,6.810,6.910,6.910,6.940,6.790,28615911,195928873,000783,15:00:00
sz000785,居然智家,2.340,-0.070,-2.905,2.340,2.350,2.410,2.410,2.420,2.330,40441301,95314586,000785,15:00:00
sz000825,太钢不锈,4.290,-0.070,-1.606,4.280,4.290,4.360,4.370,4.380,4.270,27686185,119224109,000825,15:00:00
sz000830,鲁西化工,15.340,-0.510,-3.218,15.330,15.340,15.850,15.790,15.790,15.070,26503648,405742367,000830,15:00:00
sz000831,中国稀土,47.000,-0.250,-0.529,46.990,47.000,47.250,47.190,47.720,46.910,15503945,732850290,000831,15:00:00
sz000878,云南铜业,17.400,-0.450,-2.521,17.400,17.410,17.850,17.920,17.990,17.380,29359833,515584867,000878,15:00:00
sz000883,湖北能源,4.600,-0.130,-2.748,4.600,4.610,4.730,4.720,4.730,4.580,41353594,191712755,000883,15:00:00
sz000887,中鼎股份,17.590,-0.260,-1.457,17.590,17.600,17.850,17.910,18.000,17.570,9163100,162185831,000887,15:00:00
sz000893,亚钾国际,60.300,-1.320,-2.142,60.300,60.340,61.620,62.210,62.250,58.010,12134580,722986060,000893,15:00:00
sz000898,鞍钢股份,2.300,-0.030,-1.288,2.300,2.310,2.330,2.330,2.340,2.290,31280523,72224935,000898,15:00:00
sz000921,海信家电,21.510,-0.310,-1.421,21.510,21.520,21.820,21.880,21.920,21.400,5393800,116130398,000921,15:00:00
sz000932,华菱钢铁,4.950,-0.090,-1.786,4.940,4.950,5.040,5.040,5.040,4.930,41215277,204894669,000932,15:00:00
sz000933,神火股份,30.760,-0.800,-2.535,30.760,30.770,31.560,32.240,32.240,30.500,30062812,927202021,000933,15:00:00
sz000937,冀中能源,5.490,-0.160,-2.832,5.490,5.500,5.650,5.650,5.650,5.460,24561863,135499433,000937,15:00:00
sz000951,中国重汽,24.440,0.940,4.000,24.440,24.450,23.500,23.490,24.960,23.410,28444622,694641726,000951,15:00:00
sz000958,电投产融,6.020,-0.190,-3.060,6.010,6.020,6.210,6.220,6.240,5.990,41393353,251003632,000958,15:00:00
sz000959,首钢股份,0.000,0.000,0.000,0.000,0.000,4.670,0.000,0.000,0.000,0,0,000959,15:00:00
sz000960,锡业股份,30.290,-0.550,-1.783,30.290,30.300,30.840,31.140,31.260,30.240,25552485,779912468,000960,15:00:00
sz000967,盈峰环境,9.010,-0.300,-3.222,9.010,9.020,9.310,9.260,9.440,8.850,80505281,728260124,000967,15:00:00
sz000987,越秀资本,8.030,-0.140,-1.714,8.030,8.040,8.170,8.310,8.360,7.960,51645440,417912729,000987,15:00:00
sz000997,新 大 陆,19.580,-0.210,-1.061,19.570,19.580,19.790,19.980,20.300,19.480,9315283,183565136,000997,15:00:00
sz001213,中铁特货,4.060,-0.060,-1.456,4.060,4.070,4.120,4.120,4.270,4.050,27879787,114981452,001213,15:00:00
sz001221,悍高集团,61.750,-2.000,-3.137,61.750,61.760,63.750,64.000,64.600,61.680,1356142,85314914,001221,15:00:00
sz001286,陕西能源,10.830,-0.170,-1.545,10.830,10.840,11.000,11.010,11.140,10.820,15804129,173072759,001286,15:00:00
sz001389,广合科技,116.900,1.110,0.959,116.900,116.920,115.790,116.650,122.260,115.600,7830491,924576203,001389,15:00:00
sz001696,宗申动力,18.510,-0.620,-3.241,18.500,18.510,19.130,19.050,19.280,18.500,21329716,401556778,001696,15:00:00
sz002007,华兰生物,14.610,-0.250,-1.682,14.610,14.620,14.860,14.890,14.900,14.600,7675570,112845938,002007,15:00:00
sz002008,大族激光,63.860,2.150,3.484,63.850,63.860,61.710,62.230,65.480,61.810,28384406,1812144658,002008,15:00:00
sz002025,航天电器,60.650,0.030,0.049,60.650,60.660,60.620,60.620,62.830,58.700,23814317,1450783437,002025,15:00:00
sz002032,苏 泊 尔,45.960,0.950,2.111,45.960,45.970,45.010,45.030,46.300,45.030,3715725,170841211,002032,15:00:00
sz002044,美年健康,5.440,-0.190,-3.375,5.440,5.450,5.630,5.600,5.630,5.440,60837551,334308440,002044,15:00:00
sz002056,横店东磁,17.900,-0.470,-2.559,17.900,17.910,18.370,18.440,18.610,17.880,21566363,389704097,002056,15:00:00
sz002064,华峰化学,10.280,-0.140,-1.344,10.280,10.290,10.420,10.470,10.470,10.200,18066065,186544297,002064,15:00:00
sz002065,东华软件,7.840,-0.100,-1.259,7.840,7.850,7.940,7.970,8.000,7.810,19016607,150038969,002065,15:00:00
sz002078,太阳纸业,15.000,-0.140,-0.925,14.990,15.000,15.140,15.170,15.180,14.910,8709600,130989522,002078,15:00:00
sz002080,中材科技,39.720,0.200,0.506,39.720,39.730,39.520,39.910,40.950,39.680,28331040,1138136267,002080,15:00:00
sz002085,万丰奥威,13.410,-0.380,-2.756,13.410,13.420,13.790,13.820,13.870,13.400,19341129,262575979,002085,15:00:00
sz002120,韵达股份,6.650,-0.100,-1.481,6.640,6.650,6.750,6.720,6.760,6.640,11676800,77984257,002120,15:00:00
sz002126,银轮股份,41.700,-0.240,-0.572,41.680,41.700,41.940,42.210,42.710,41.600,10326650,435060969,002126,15:00:00
sz002128,电投能源,30.340,-0.430,-1.397,30.340,30.350,30.770,30.680,30.770,29.680,10976912,330657048,002128,15:00:00
sz002130,沃尔核材,22.890,-0.290,-1.251,22.880,22.890,23.180,23.290,23.450,22.880,23158151,535382383,002130,15:00:00
sz002131,利欧股份,7.120,-0.330,-4.430,7.120,7.130,7.450,7.440,7.440,7.110,313009777,2253492554,002131,15:00:00
sz002138,顺络电子,32.430,-0.280,-0.856,32.430,32.440,32.710,32.790,33.000,32.320,12125512,395111102,002138,15:00:00
sz002152,广电运通,11.370,0.060,0.531,11.370,11.380,11.310,11.450,11.560,11.350,18149188,207787951,002152,15:00:00
sz002153,石基信息,9.210,-0.230,-2.436,9.210,9.220,9.440,9.500,9.560,9.180,14689160,136519575,002153,15:00:00
sz002155,湖南黄金,29.050,-0.280,-0.955,29.050,29.060,29.330,29.680,29.710,28.800,38932198,1134376297,002155,15:00:00
sz002156,通富微电,40.420,-0.350,-0.858,40.410,40.420,40.770,41.200,41.250,40.400,28133921,1147643160,002156,15:00:00
sz002157,正邦科技,3.030,-0.050,-1.623,3.020,3.030,3.080,3.070,3.070,3.000,115065742,347588353,002157,15:00:00
sz002185,华天科技,11.360,-0.190,-1.645,11.360,11.370,11.550,11.560,11.610,11.300,58127698,662782245,002185,15:00:00
sz002195,岩山科技,8.530,-0.320,-3.616,8.520,8.530,8.850,8.850,8.900,8.510,170941252,1470515267,002195,15:00:00
sz002202,金风科技,24.220,0.210,0.875,24.220,24.230,24.010,23.900,24.440,22.930,242114027,5712791331,002202,15:00:00
sz002203,海亮股份,15.040,0.360,2.452,15.040,15.050,14.680,14.670,15.400,14.370,37978784,566120854,002203,15:00:00
sz002223,鱼跃医疗,33.220,-0.580,-1.716,33.220,33.240,33.800,33.710,33.800,33.150,4610799,153747049,002223,15:00:00
sz002244,滨江集团,9.500,-0.150,-1.554,9.500,9.510,9.650,9.630,9.690,9.380,15915113,151530367,002244,15:00:00
sz002261,拓维信息,33.570,0.130,0.389,33.560,33.570,33.440,33.920,34.310,33.220,65970268,2226285553,002261,15:00:00
sz002262,恩华药业,22.680,-0.280,-1.220,22.680,22.690,22.960,22.960,22.990,22.600,5028571,114375924,002262,15:00:00
sz002265,建设工业,22.200,-1.370,-5.812,22.200,22.210,23.570,23.010,23.220,21.850,22283586,496553205,002265,15:00:00
sz002266,浙富控股,4.070,-0.080,-1.928,4.060,4.070,4.150,4.150,4.160,4.060,41542933,170036683,002266,15:00:00
sz002271,东方雨虹,15.100,-0.460,-2.956,15.090,15.100,15.560,15.540,15.600,14.970,21389136,324253912,002271,15:00:00
sz002273,水晶光电,24.880,0.040,0.161,24.880,24.890,24.840,25.210,25.550,24.340,65263757,1627729835,002273,15:00:00
sz002281,光迅科技,90.390,6.490,7.735,90.390,90.400,83.900,85.020,91.950,85.000,84058696,7537469145,002281,15:00:00
sz002294,信立泰,66.400,-1.900,-2.782,66.390,66.400,68.300,66.960,68.050,66.000,10357374,690426786,002294,15:00:00
sz002299,圣农发展,17.790,-0.540,-2.946,17.790,17.800,18.330,18.240,18.430,17.730,6877927,123191675,002299,15:00:00
sz002312,川发龙蟒,10.940,-0.360,-3.186,10.940,10.950,11.300,11.360,11.390,10.940,30535252,337207701,002312,15:00:00
sz002318,久立特材,30.040,-0.680,-2.214,30.040,30.050,30.720,30.970,31.200,29.950,7791935,236271753,002318,15:00:00
sz002335,科华数据,53.470,-0.180,-0.336,53.470,53.480,53.650,54.170,54.490,52.910,14054181,754532329,002335,15:00:00
sz002340,格林美,7.620,-0.170,-2.182,7.620,7.630,7.790,7.790,7.850,7.610,83766131,642319909,002340,15:00:00
sz002353,杰瑞股份,107.370,-0.630,-0.583,107.370,107.380,108.000,106.630,110.200,106.020,23924787,2586333333,002353,15:00:00
sz002372,伟星新材,10.800,-0.500,-4.425,10.800,10.810,11.300,10.970,11.000,10.330,23849973,254474527,002372,15:00:00
sz002385,大北农,3.900,-0.070,-1.763,3.900,3.910,3.970,3.980,3.980,3.880,64783000,252727105,002385,15:00:00
sz002402,和而泰,29.240,-0.760,-2.533,29.240,29.250,30.000,30.090,30.160,29.160,16672143,491616749,002402,15:00:00
sz002409,雅克科技,78.150,0.920,1.191,78.140,78.150,77.230,78.020,80.120,77.650,8504545,669222432,002409,15:00:00
sz002410,广联达,10.860,-0.150,-1.362,10.860,10.870,11.010,11.020,11.080,10.820,21470703,234197662,002410,15:00:00
sz002414,高德红外,12.730,-0.200,-1.547,12.730,12.740,12.930,13.000,13.030,12.670,35780821,457658903,002414,15:00:00
sz002423,中粮资本,10.250,0.070,0.688,10.250,10.260,10.180,10.550,10.650,10.250,18958000,197900283,002423,15:00:00
sz002429,兆驰股份,9.550,0.030,0.315,9.550,9.560,9.520,9.750,9.840,9.540,91343766,884361687,002429,15:00:00
sz002430,杭氧股份,27.740,0.100,0.362,27.740,27.750,27.640,27.740,28.520,27.570,9255132,258983063,002430,15:00:00
sz002432,九安医疗,81.130,-0.020,-0.025,81.120,81.150,81.150,80.000,82.800,79.060,33535037,2707764867,002432,15:00:00
sz002436,兴森科技,19.650,-0.100,-0.506,19.650,19.660,19.750,19.900,19.950,19.510,35889206,708931864,002436,15:00:00
sz002439,启明星辰,12.640,-0.100,-0.785,12.640,12.650,12.740,12.840,12.840,12.600,6780200,85784561,002439,15:00:00
sz002444,巨星科技,29.800,-0.690,-2.263,29.800,29.880,30.490,30.490,30.540,29.600,11483500,343170665,002444,15:00:00
sz002461,珠江啤酒,9.440,0.050,0.532,9.430,9.440,9.390,9.410,9.760,9.410,15489125,148028367,002461,15:00:00
sz002465,海格通信,14.290,-0.260,-1.787,14.290,14.300,14.550,14.770,14.770,14.280,40713952,587553566,002465,15:00:00
sz002472,双环传动,35.180,-0.720,-2.006,35.180,35.190,35.900,35.910,35.990,35.110,7461189,264001218,002472,15:00:00
sz002500,山西证券,5.500,-0.080,-1.434,5.490,5.500,5.580,5.580,5.610,5.480,13281130,73388141,002500,15:00:00
sz002508,老板电器,20.880,0.020,0.096,20.870,20.880,20.860,20.860,20.970,20.570,4033050,83952901,002508,15:00:00
sz002517,恺英网络,18.390,-0.360,-1.920,18.380,18.390,18.750,18.920,19.300,18.220,42767250,790380129,002517,15:00:00
sz002532,天山铝业,17.290,-0.680,-3.784,17.290,17.300,17.970,17.900,17.990,17.180,71296079,1244010617,002532,15:00:00
sz002558,巨人网络,33.200,-0.850,-2.496,33.200,33.210,34.050,34.690,34.750,33.070,38260729,1279962486,002558,15:00:00
sz002568,百润股份,16.810,-0.420,-2.438,16.810,16.820,17.230,17.210,17.300,16.780,4838133,81912734,002568,15:00:00
sz002583,海能达,10.110,0.250,2.535,10.100,10.110,9.860,9.940,10.420,9.720,33835650,341241915,002583,15:00:00
sz002595,豪迈科技,78.860,0.060,0.076,78.860,78.900,78.800,79.300,79.430,78.220,2244631,177229708,002595,15:00:00
sz002603,以岭药业,16.890,-0.440,-2.539,16.880,16.890,17.330,17.180,17.310,16.870,14627743,249208545,002603,15:00:00
sz002607,中公教育,2.560,-0.050,-1.916,2.560,2.570,2.610,2.610,2.620,2.540,70843937,181749665,002607,15:00:00
sz002608,江苏国信,7.830,-0.250,-3.094,7.830,7.840,8.080,8.120,8.130,7.770,21075484,166526476,002608,15:00:00
sz002624,完美世界,19.210,-0.380,-1.940,19.210,19.220,19.590,19.870,19.900,19.010,57409207,1114244921,002624,15:00:00
sz002670,国盛证券,13.840,-0.310,-2.191,13.840,13.850,14.150,14.180,14.230,13.830,10969600,153135739,002670,15:00:00
sz002673,西部证券,7.080,-0.060,-0.840,7.070,7.080,7.140,7.140,7.160,7.050,24053096,170908213,002673,15:00:00
sz002683,广东宏大,37.560,-1.140,-2.946,37.550,37.560,38.700,38.680,38.920,37.230,6157055,232509573,002683,15:00:00
sz002738,中矿资源,72.210,-1.500,-2.035,72.200,72.210,73.710,73.640,74.450,70.900,21637049,1566353402,002738,15:00:00
sz002739,万达电影,9.510,-0.180,-1.858,9.510,9.520,9.690,9.720,9.740,9.510,17739594,169865109,002739,15:00:00
sz002756,永兴材料,72.590,-1.290,-1.746,72.590,72.600,73.880,73.500,74.940,71.420,12605518,918835503,002756,15:00:00
sz002773,康弘药业,28.640,-1.360,-4.533,28.640,28.650,30.000,29.250,29.530,28.550,13238264,381943870,002773,15:00:00
sz002797,第一创业,6.970,-0.060,-0.853,6.960,6.970,7.030,7.040,7.190,6.940,105308439,741556932,002797,15:00:00
sz002821,凯莱英,122.060,-4.590,-3.624,122.060,122.070,126.650,125.010,125.500,121.350,21306284,2622100645,002821,15:00:00
sz002831,裕同科技,35.290,3.210,10.006,35.290,0.000,32.080,32.880,35.290,32.570,21922161,763282024,002831,15:00:00
sz002837,英维克,83.630,0.860,1.039,83.630,83.640,82.770,84.010,85.490,82.800,28181021,2369641162,002837,15:00:00
sz002841,视源股份,32.320,-0.430,-1.313,32.320,32.330,32.750,32.870,32.980,32.260,2512038,81560133,002841,15:00:00
sz002850,科达利,180.990,-2.910,-1.582,180.980,180.990,183.900,186.900,188.800,179.040,7007491,1282803347,002850,15:00:00
sz002851,麦格米特,94.570,-1.830,-1.898,94.570,94.580,96.400,97.740,98.290,94.560,11017417,1055663705,002851,15:00:00
sz002926,华西证券,8.190,-0.100,-1.206,8.190,8.200,8.290,8.330,8.340,8.180,9687040,79813008,002926,15:00:00
sz002939,长城证券,8.740,-0.080,-0.907,8.740,8.750,8.820,8.840,8.880,8.730,10644891,93578778,002939,15:00:00
sz002945,华林证券,15.600,-0.210,-1.328,15.600,15.610,15.810,15.760,15.910,15.600,12621874,198384681,002945,15:00:00
sz002958,青农商行,2.990,-0.060,-1.967,2.980,2.990,3.050,3.060,3.060,2.980,50333500,151318737,002958,15:00:00
sz002966,苏州银行,8.290,-0.140,-1.661,8.280,8.290,8.430,8.410,8.430,8.270,20756500,172953757,002966,15:00:00
sz002984,森麒麟,17.400,0.050,0.288,17.400,17.410,17.350,17.390,17.500,17.260,6020000,104627486,002984,15:00:00
sz003021,兆威机电,93.780,-1.970,-2.057,93.780,93.790,95.750,95.430,95.750,93.700,2211108,208828666,003021,15:00:00
sz003022,联泓新科,19.450,-0.170,-0.866,19.440,19.450,19.620,19.750,19.880,19.400,8342466,163503113,003022,15:00:00
sz003031,中瓷电子,88.570,8.050,9.998,88.570,0.000,80.520,82.600,88.570,81.600,18903270,1632018557,003031,15:00:00
sz003035,南网能源,7.200,-0.280,-3.743,7.200,7.210,7.480,7.480,7.490,7.170,66170918,480659523,003035,15:00:00
sz300001,特锐德,26.530,-0.540,-1.995,26.530,26.540,27.070,27.430,27.450,26.490,15903065,425639944,300001,15:36:00
sz300002,神州泰岳,9.270,-0.030,-0.323,9.260,9.270,9.300,9.350,9.380,9.230,22179904,206176029,300002,15:35:15
sz300003,乐普医疗,16.140,-0.520,-3.121,16.140,16.150,16.660,16.540,16.600,16.140,21130887,343917077,300003,15:35:30
sz300012,华测检测,14.470,0.010,0.069,14.460,14.470,14.460,14.480,14.800,14.430,19417388,283136790,300012,15:35:45
sz300017,网宿科技,16.550,0.000,0.000,16.550,16.560,16.550,16.880,16.970,16.320,148192111,2469430438,300017,15:36:00
sz300024,机器人,14.200,-0.380,-2.606,14.190,14.200,14.580,14.610,14.660,14.180,13173201,188754981,300024,15:35:30
sz300037,新宙邦,53.740,-1.790,-3.223,53.740,53.750,55.530,55.780,56.350,52.450,17772159,955265274,300037,15:35:30
sz300054,鼎龙股份,49.750,2.220,4.671,49.750,49.760,47.530,47.960,50.780,47.880,52659327,2608041025,300054,15:35:30
sz300058,蓝色光标,13.370,-0.490,-3.535,13.360,13.370,13.860,13.970,14.020,13.310,217365669,2945225959,300058,15:35:30
sz300070,碧水源,3.800,-0.080,-2.062,3.800,3.810,3.880,3.870,3.890,3.780,29951017,114434769,300070,15:36:00
sz300073,当升科技,50.900,-0.960,-1.851,50.900,50.910,51.860,52.000,52.800,50.810,8214806,422086544,300073,15:35:45
sz300100,双林股份,28.720,-0.940,-3.169,28.710,28.720,29.660,29.760,29.860,28.690,6820666,198287180,300100,15:36:00
sz300115,长盈精密,30.920,-0.370,-1.182,30.920,30.930,31.290,31.490,31.700,30.720,22190528,689002267,300115,15:36:00
sz300136,信维通信,61.770,0.250,0.406,61.760,61.770,61.520,63.380,64.980,61.500,67694151,4275746059,300136,15:35:45
sz300140,节能环境,6.230,-0.450,-6.737,6.230,6.240,6.680,6.690,6.730,6.220,39379241,250368733,300140,15:35:45
sz300142,沃森生物,12.350,-0.340,-2.679,12.350,12.360,12.690,12.620,12.700,12.290,38649804,479402285,300142,15:35:15
sz300144,宋城演艺,7.630,-0.160,-2.054,7.630,7.640,7.790,7.790,7.820,7.620,16901839,129877692,300144,15:35:45
sz300146,汤臣倍健,10.760,-0.180,-1.645,10.760,10.770,10.940,10.950,10.980,10.730,11149000,120483372,300146,15:35:15
sz300207,欣旺达,23.520,-1.230,-4.970,23.510,23.520,24.750,24.750,24.890,23.510,66791719,1592668245,300207,15:35:30
sz300223,北京君正,104.700,-1.420,-1.338,104.700,104.710,106.120,108.000,108.760,104.380,11751125,1241603431,300223,15:36:00
sz300285,国瓷材料,30.600,0.460,1.526,30.600,30.610,30.140,30.400,31.130,30.050,22467937,687809729,300285,15:35:30
sz300339,润和软件,37.500,-0.810,-2.114,37.490,37.500,38.310,38.390,38.650,37.460,13059765,495492403,300339,15:35:30
sz300346,南大光电,44.800,0.290,0.652,44.790,44.800,44.510,44.900,45.440,44.800,14242749,641910169,300346,15:35:15
sz300373,扬杰科技,72.170,0.430,0.599,72.170,72.180,71.740,73.020,74.460,72.030,12893964,943875840,300373,15:35:45
sz300383,光环新网,16.880,0.600,3.686,16.880,16.890,16.280,16.940,17.350,16.510,199857598,3387439479,300383,15:36:00
sz300390,天华新能,58.150,-1.200,-2.022,58.140,58.150,59.350,58.590,59.980,56.900,29103839,1698159145,300390,15:35:45
sz300395,菲利华,93.760,2.430,2.661,93.750,93.760,91.330,92.050,95.620,91.480,22143041,2077612456,300395,15:35:45
sz300432,富临精工,22.120,-0.800,-3.490,22.120,22.130,22.920,22.940,23.100,21.880,61531828,1365603632,300432,15:35:45
sz300450,先导智能,46.350,-0.840,-1.780,46.350,46.360,47.190,47.320,47.660,46.270,25180616,1175956406,300450,15:35:15
sz300454,深信服,95.800,-2.200,-2.245,95.790,95.810,98.000,98.890,99.000,95.600,7471123,723360658,300454,15:35:15
sz300458,全志科技,32.630,-0.570,-1.717,32.630,32.640,33.200,33.350,33.500,32.620,9241550,304384552,300458,15:35:15
sz300474,景嘉微,55.050,-0.980,-1.749,55.040,55.050,56.030,56.230,56.520,54.990,5652720,313370737,300474,15:35:15
sz300487,蓝晓科技,65.590,-1.170,-1.753,65.590,65.650,66.760,66.670,66.970,65.430,1368050,90220690,300487,15:35:30
sz300496,中科创达,56.880,-0.710,-1.233,56.870,56.880,57.590,59.000,59.000,56.860,7726362,445334956,300496,15:35:30
sz300529,健帆生物,17.310,-0.490,-2.753,17.310,17.320,17.800,17.800,17.830,17.270,3220953,56208067,300529,15:35:15
sz300558,贝达药业,44.180,-1.550,-3.389,44.180,44.190,45.730,45.280,45.480,43.920,8267344,367839935,300558,15:35:15
sz300567,精测电子,117.000,-0.780,-0.662,117.000,117.030,117.780,118.700,120.000,114.330,8513178,1000301312,300567,15:35:30
sz300570,太辰光,112.510,0.490,0.437,112.510,112.520,112.020,115.000,116.550,112.120,21338256,2440596586,300570,15:35:15
sz300601,康泰生物,13.810,-0.420,-2.952,13.810,13.820,14.230,14.120,14.220,13.800,9444740,131601768,300601,15:35:45
sz300604,长川科技,115.000,-0.800,-0.691,115.000,115.010,115.800,117.120,117.500,114.700,10180248,1179998656,300604,15:35:30
sz300623,捷捷微电,26.410,-0.290,-1.086,26.410,26.420,26.700,26.860,26.970,26.410,6347450,169158870,300623,15:35:15
sz300627,华测导航,32.610,-0.320,-0.972,32.600,32.610,32.930,33.100,33.380,32.500,4867770,160280186,300627,15:35:15
sz300676,华大基因,39.110,-1.440,-3.551,39.110,39.120,40.550,40.420,40.430,39.000,4870434,192394444,300676,15:35:00
sz300677,英科医疗,59.860,1.900,3.278,59.850,59.860,57.960,58.990,61.040,58.010,19362129,1150543639,300677,15:35:15
sz300679,电连技术,33.770,-0.190,-0.559,33.760,33.770,33.960,34.120,34.140,33.700,4102733,138982967,300679,15:35:45
sz300699,光威复材,33.110,-0.840,-2.474,33.110,33.120,33.950,34.040,34.220,33.020,11241454,375112152,300699,15:35:45
sz300718,长盛轴承,68.390,-1.550,-2.216,68.390,68.400,69.940,70.300,70.350,68.390,2774611,190891462,300718,15:35:00
sz300724,捷佳伟创,103.420,-3.860,-3.598,103.410,103.420,107.280,107.800,108.000,103.390,13534331,1423586147,300724,15:35:30
sz300735,光弘科技,20.760,-0.100,-0.479,20.750,20.760,20.860,20.950,21.080,20.640,5861900,121819819,300735,15:35:45
sz300748,金力永磁,30.430,-0.200,-0.653,30.420,30.430,30.630,30.730,30.870,30.350,12946374,395781557,300748,15:35:30
sz300751,迈为股份,220.010,-9.410,-4.102,220.000,220.010,229.420,229.000,229.770,220.010,7408230,1651741999,300751,15:35:15
sz300757,罗博特科,434.000,43.500,11.140,434.000,434.050,390.500,408.000,452.800,406.900,12311884,5259989849,300757,15:35:30
sz300763,锦浪科技,88.340,-3.160,-3.454,88.340,88.350,91.500,91.470,91.480,87.850,16030331,1427835363,300763,15:35:00
sz300857,协创数据,208.000,-0.360,-0.173,208.000,208.030,208.360,211.000,217.350,207.000,7175861,1511166443,300857,15:35:45
sz300888,稳健医疗,32.540,-0.490,-1.483,32.540,32.580,33.030,33.000,33.160,32.380,2089780,68517479,300888,15:35:15
sz300919,中伟新材,47.700,-0.190,-0.397,47.690,47.700,47.890,48.110,49.100,47.400,8862850,426511699,300919,15:35:45
sz300957,贝泰妮,37.250,-0.950,-2.487,37.250,37.260,38.200,38.320,38.380,37.150,2832000,105988325,300957,15:35:15
sz300972,万辰集团,195.840,-3.790,-1.899,195.840,196.240,199.630,200.500,200.760,194.210,890300,174900571,300972,15:35:00
sz301200,大族数控,154.030,-3.020,-1.923,154.030,154.080,157.050,157.200,162.600,154.030,3507404,558623678,301200,15:35:45
sz301301,川宁生物,10.530,-0.430,-3.923,10.530,10.540,10.960,10.950,10.950,10.400,25806355,272818652,301301,15:35:15
sz301308,江波龙,285.570,-3.870,-1.337,285.560,285.570,289.440,291.500,294.680,285.080,8367670,2419068394,301308,15:35:45
sz301358,湖南裕能,68.580,-2.240,-3.163,68.580,68.600,70.820,70.820,71.240,68.020,17417371,1201215940,301358,15:35:00
sz301498,乖宝宠物,50.790,-1.150,-2.214,50.790,50.800,51.940,51.750,51.940,50.700,1992800,101856251,301498,15:35:30
sz301536,星宸科技,67.020,-0.950,-1.398,67.020,67.050,67.970,68.080,68.980,66.980,3423756,232881385,301536,15:35:00
sz301611,珂玛科技,89.540,-1.960,-2.142,89.540,89.550,91.500,91.880,93.600,88.910,5381512,485051407,301611,15:35:00
